# Name,   Type, SubType,  Offset,  Size, Flags
# Flash fisik 16MB (dikonfirmasi esptool flash_id, lihat CHANGELOG.md).
# Dual app partition (ota_0/ota_1) untuk OTA dengan rollback otomatis:
# esp_https_ota/esp_ota_ops menulis firmware baru ke partisi TIDAK aktif,
# bootloader boot ke situ, kalau app baru tidak memanggil
# esp_ota_mark_app_valid_cancel_rollback() dalam batas waktu (app dianggap
# gagal/crash loop), bootloader otomatis rollback ke partisi lama.
nvs,      data, nvs,      0x9000,  0x6000,
otadata,  data, ota,      0xf000,  0x2000,
phy_init, data, phy,      0x11000, 0x1000,
ota_0,    app,  ota_0,    0x20000, 3M,
ota_1,    app,  ota_1,    ,        3M,
storage,  data, spiffs,   ,        4M,
